/* ESTILOS DE IMAGEN */


-- Volcando estructura para tabla dev-drupal.bu4p_image_effects
CREATE TABLE IF NOT EXISTS `bu4p_image_effects` (
  `ieid` int(10) unsigned NOT NULL AUTO_INCREMENT COMMENT 'The primary identifier for an image effect.',
  `isid` int(10) unsigned NOT NULL DEFAULT 0 COMMENT 'The bu4P_image_styles.isid for an image style.',
  `weight` int(11) NOT NULL DEFAULT 0 COMMENT 'The weight of the effect in the style.',
  `name` varchar(255) NOT NULL COMMENT 'The unique name of the effect to be executed.',
  `data` longblob NOT NULL COMMENT 'The configuration data for the effect.',
  PRIMARY KEY (`ieid`),
  KEY `isid` (`isid`),
  KEY `weight` (`weight`)
) ENGINE=InnoDB AUTO_INCREMENT=18 DEFAULT CHARSET=utf8 COMMENT='Stores configuration options for image effects.';

-- Volcando datos para la tabla dev-drupal.bu4p_image_effects: ~14 rows (aproximadamente)
/*!40000 ALTER TABLE `bu4p_image_effects` DISABLE KEYS */;
INSERT INTO `bu4p_image_effects` (`ieid`, `isid`, `weight`, `name`, `data`) VALUES
	(3, 1, 1, 'image_scale_and_crop', _binary 0x613A323A7B733A353A227769647468223B733A343A2231333030223B733A363A22686569676874223B733A333A22343630223B7D),
	(4, 2, 1, 'image_scale_and_crop', _binary 0x613A323A7B733A353A227769647468223B733A333A22383837223B733A363A22686569676874223B733A333A22343630223B7D),
	(5, 3, 1, 'image_scale_and_crop', _binary 0x613A323A7B733A353A227769647468223B733A333A22363337223B733A363A22686569676874223B733A333A22333830223B7D),
	(6, 4, 1, 'image_scale_and_crop', _binary 0x613A323A7B733A353A227769647468223B733A333A22343136223B733A363A22686569676874223B733A333A22333434223B7D),
	(7, 5, 1, 'image_scale_and_crop', _binary 0x613A323A7B733A353A227769647468223B733A333A22333036223B733A363A22686569676874223B733A333A22323436223B7D),
	(8, 6, 1, 'image_scale_and_crop', _binary 0x613A323A7B733A353A227769647468223B733A333A22363230223B733A363A22686569676874223B733A333A22333833223B7D),
	(9, 7, 1, 'image_scale_and_crop', _binary 0x613A323A7B733A353A227769647468223B733A333A22313633223B733A363A22686569676874223B733A333A22333833223B7D),
	(10, 8, 1, 'image_scale_and_crop', _binary 0x613A323A7B733A353A227769647468223B733A333A22333135223B733A363A22686569676874223B733A333A22373834223B7D),
	(11, 9, 1, 'image_scale_and_crop', _binary 0x613A323A7B733A353A227769647468223B733A333A22333135223B733A363A22686569676874223B733A333A22323339223B7D),
	(12, 10, 1, 'image_scale_and_crop', _binary 0x613A323A7B733A353A227769647468223B733A333A22353530223B733A363A22686569676874223B733A333A22323530223B7D),
	(13, 11, 1, 'image_scale_and_crop', _binary 0x613A323A7B733A353A227769647468223B733A333A22313735223B733A363A22686569676874223B733A333A22313735223B7D),
	(14, 12, 1, 'image_scale_and_crop', _binary 0x613A323A7B733A353A227769647468223B733A333A22333330223B733A363A22686569676874223B733A333A22313530223B7D),
	(15, 13, 1, 'image_scale_and_crop', _binary 0x613A323A7B733A353A227769647468223B733A333A22313931223B733A363A22686569676874223B733A333A22313037223B7D),
	(16, 14, 1, 'image_scale_and_crop', _binary 0x613A323A7B733A353A227769647468223B733A323A223930223B733A363A22686569676874223B733A323A223930223B7D),
	(17, 15, 1, 'image_scale_and_crop', _binary 0x613A323A7B733A353A227769647468223B733A333A22323530223B733A363A22686569676874223B733A333A22333333223B7D);
/*!40000 ALTER TABLE `bu4p_image_effects` ENABLE KEYS */;

-- Volcando estructura para tabla dev-drupal.bu4p_image_styles
CREATE TABLE IF NOT EXISTS `bu4p_image_styles` (
  `isid` int(10) unsigned NOT NULL AUTO_INCREMENT COMMENT 'The primary identifier for an image style.',
  `name` varchar(255) NOT NULL COMMENT 'The style machine name.',
  `label` varchar(255) NOT NULL DEFAULT '' COMMENT 'The style administrative name.',
  PRIMARY KEY (`isid`),
  UNIQUE KEY `name` (`name`)
) ENGINE=InnoDB AUTO_INCREMENT=16 DEFAULT CHARSET=utf8 COMMENT='Stores configuration options for image styles.';

-- Volcando datos para la tabla dev-drupal.bu4p_image_styles: ~14 rows (aproximadamente)
/*!40000 ALTER TABLE `bu4p_image_styles` DISABLE KEYS */;
INSERT INTO `bu4p_image_styles` (`isid`, `name`, `label`) VALUES
	(1, 'slider_principal', 'Slider Principal Diseno 2'),
	(2, 'slider_principal__2_', 'Slider Principal Diseno 1'),
	(3, '2_columnas', '2 columnas'),
	(4, '3_columnas', '3 columnas'),
	(5, '4_columnas', '4 columnas'),
	(6, 'columna_central', 'Columna Central'),
	(7, 'menu_central', 'Menu Central'),
	(8, 'columna_superpanel', 'Columna Superpanel'),
	(9, 'menu_lateral', 'Menu lateral'),
	(10, 'noticias', 'Noticias'),
	(11, 'noticias_vista_interior', 'Noticias vista interior'),
	(12, 'noticias_vista_recurso', 'Noticias vista recurso'),
	(13, 'carrousel', 'Carrousel'),
	(14, 'noticias__recurso_dinamico_', 'Noticias (recurso dinamico)'),
	(15, 'directorio_uac_1', 'Directorio UAC 1');
/*!40000 ALTER TABLE `bu4p_image_styles` ENABLE KEYS */;

/*!40101 SET SQL_MODE=IFNULL(@OLD_SQL_MODE, '') */;
/*!40014 SET FOREIGN_KEY_CHECKS=IF(@OLD_FOREIGN_KEY_CHECKS IS NULL, 1, @OLD_FOREIGN_KEY_CHECKS) */;
/*!40101 SET CHARACTER_SET_CLIENT=@OLD_CHARACTER_SET_CLIENT */;


/* MENUS ADMINISTRATIVOS */
DELETE FROM `bu4p_menu_links` WHERE `menu_name`='management' AND `module`="menu";
INSERT INTO `bu4p_menu_links` (`menu_name`, `plid`, `link_path`, `router_path`, `link_title`, `options`, `module`, `hidden`, `external`, `has_children`, `expanded`, `weight`, `depth`, `customized`, `p1`, `p2`, `p3`, `p4`, `p5`, `p6`, `p7`, `p8`, `p9`, `updated`) VALUES ('management', 932, '<front>', '', 'Recursos', 'a:2:{s:10:"attributes";a:0:{}s:15:"item_attributes";a:3:{s:2:"id";s:0:"";s:5:"class";s:0:"";s:5:"style";s:0:"";}}', 'menu', 0, 1, 1, 0, -50, 4, 1, 1, 9, 932, 933, 0, 0, 0, 0, 0, 0);
INSERT INTO `bu4p_menu_links` (`menu_name`, `plid`, `link_path`, `router_path`, `link_title`, `options`, `module`, `hidden`, `external`, `has_children`, `expanded`, `weight`, `depth`, `customized`, `p1`, `p2`, `p3`, `p4`, `p5`, `p6`, `p7`, `p8`, `p9`, `updated`) VALUES ('management', 48, 'admin/structure/menu/manage/main-menu', 'admin/structure/menu/manage/%', 'Main menu', 'a:0:{}', 'menu', 0, 0, 0, 0, 0, 4, 0, 1, 21, 48, 184, 0, 0, 0, 0, 0, 0);
INSERT INTO `bu4p_menu_links` (`menu_name`, `plid`, `link_path`, `router_path`, `link_title`, `options`, `module`, `hidden`, `external`, `has_children`, `expanded`, `weight`, `depth`, `customized`, `p1`, `p2`, `p3`, `p4`, `p5`, `p6`, `p7`, `p8`, `p9`, `updated`) VALUES ('management', 48, 'admin/structure/menu/manage/management', 'admin/structure/menu/manage/%', 'Management', 'a:0:{}', 'menu', 0, 0, 0, 0, 0, 4, 0, 1, 21, 48, 185, 0, 0, 0, 0, 0, 0);
INSERT INTO `bu4p_menu_links` (`menu_name`, `plid`, `link_path`, `router_path`, `link_title`, `options`, `module`, `hidden`, `external`, `has_children`, `expanded`, `weight`, `depth`, `customized`, `p1`, `p2`, `p3`, `p4`, `p5`, `p6`, `p7`, `p8`, `p9`, `updated`) VALUES ('management', 48, 'admin/structure/menu/manage/menu-menu-buap', 'admin/structure/menu/manage/%', 'Menu BUAP', 'a:0:{}', 'menu', 0, 0, 0, 0, 0, 4, 0, 1, 21, 48, 598, 0, 0, 0, 0, 0, 0);
INSERT INTO `bu4p_menu_links` (`menu_name`, `plid`, `link_path`, `router_path`, `link_title`, `options`, `module`, `hidden`, `external`, `has_children`, `expanded`, `weight`, `depth`, `customized`, `p1`, `p2`, `p3`, `p4`, `p5`, `p6`, `p7`, `p8`, `p9`, `updated`) VALUES ('management', 48, 'admin/structure/menu/manage/menu-menu-footer', 'admin/structure/menu/manage/%', 'Menu Footer', 'a:0:{}', 'menu', 0, 0, 0, 0, 0, 4, 0, 1, 21, 48, 608, 0, 0, 0, 0, 0, 0);
INSERT INTO `bu4p_menu_links` (`menu_name`, `plid`, `link_path`, `router_path`, `link_title`, `options`, `module`, `hidden`, `external`, `has_children`, `expanded`, `weight`, `depth`, `customized`, `p1`, `p2`, `p3`, `p4`, `p5`, `p6`, `p7`, `p8`, `p9`, `updated`) VALUES ('management', 48, 'admin/structure/menu/manage/menu-menu-secundario', 'admin/structure/menu/manage/%', 'Menu Secundario', 'a:0:{}', 'menu', 0, 0, 0, 0, 0, 4, 0, 1, 21, 48, 601, 0, 0, 0, 0, 0, 0);
INSERT INTO `bu4p_menu_links` (`menu_name`, `plid`, `link_path`, `router_path`, `link_title`, `options`, `module`, `hidden`, `external`, `has_children`, `expanded`, `weight`, `depth`, `customized`, `p1`, `p2`, `p3`, `p4`, `p5`, `p6`, `p7`, `p8`, `p9`, `updated`) VALUES ('management', 48, 'admin/structure/menu/manage/navigation', 'admin/structure/menu/manage/%', 'Navigation', 'a:0:{}', 'menu', 0, 0, 0, 0, 0, 4, 0, 1, 21, 48, 186, 0, 0, 0, 0, 0, 0);
INSERT INTO `bu4p_menu_links` (`menu_name`, `plid`, `link_path`, `router_path`, `link_title`, `options`, `module`, `hidden`, `external`, `has_children`, `expanded`, `weight`, `depth`, `customized`, `p1`, `p2`, `p3`, `p4`, `p5`, `p6`, `p7`, `p8`, `p9`, `updated`) VALUES ('management', 48, 'admin/structure/menu/manage/user-menu', 'admin/structure/menu/manage/%', 'User menu', 'a:0:{}', 'menu', 0, 0, 0, 0, 0, 4, 0, 1, 21, 48, 187, 0, 0, 0, 0, 0, 0);
INSERT INTO `bu4p_menu_links` (`menu_name`, `plid`, `link_path`, `router_path`, `link_title`, `options`, `module`, `hidden`, `external`, `has_children`, `expanded`, `weight`, `depth`, `customized`, `p1`, `p2`, `p3`, `p4`, `p5`, `p6`, `p7`, `p8`, `p9`, `updated`) VALUES ('management', 12, 'http://148.228.11.41/res/manual_de_usuario_plantillas.pdf', '', 'Manual de Usuario', 'a:2:{s:10:"attributes";a:0:{}s:15:"item_attributes";a:3:{s:2:"id";s:0:"";s:5:"class";s:0:"";s:5:"style";s:0:"";}}', 'menu', 0, 1, 0, 0, 0, 3, 1, 1, 12, 980, 0, 0, 0, 0, 0, 0, 0);
INSERT INTO `bu4p_menu_links` (`menu_name`, `plid`, `link_path`, `router_path`, `link_title`, `options`, `module`, `hidden`, `external`, `has_children`, `expanded`, `weight`, `depth`, `customized`, `p1`, `p2`, `p3`, `p4`, `p5`, `p6`, `p7`, `p8`, `p9`, `updated`) VALUES ('management', 9, 'imce', 'imce', 'Explorador de archivos', 'a:2:{s:10:"attributes";a:1:{s:6:"target";s:6:"_blank";}s:15:"item_attributes";a:3:{s:2:"id";s:0:"";s:5:"class";s:0:"";s:5:"style";s:0:"";}}', 'menu', 0, 0, 0, 0, -48, 3, 1, 1, 9, 1037, 0, 0, 0, 0, 0, 0, 0);
INSERT INTO `bu4p_menu_links` (`menu_name`, `plid`, `link_path`, `router_path`, `link_title`, `options`, `module`, `hidden`, `external`, `has_children`, `expanded`, `weight`, `depth`, `customized`, `p1`, `p2`, `p3`, `p4`, `p5`, `p6`, `p7`, `p8`, `p9`, `updated`) VALUES ('management', 9, 'node/add', 'node/add', 'Agregar Contenido', 'a:2:{s:10:"attributes";a:0:{}s:15:"item_attributes";a:3:{s:2:"id";s:0:"";s:5:"class";s:0:"";s:5:"style";s:0:"";}}', 'menu', 0, 0, 1, 0, -50, 3, 1, 1, 9, 932, 0, 0, 0, 0, 0, 0, 0);
INSERT INTO `bu4p_menu_links` (`menu_name`, `plid`, `link_path`, `router_path`, `link_title`, `options`, `module`, `hidden`, `external`, `has_children`, `expanded`, `weight`, `depth`, `customized`, `p1`, `p2`, `p3`, `p4`, `p5`, `p6`, `p7`, `p8`, `p9`, `updated`) VALUES ('management', 932, 'node/add', 'node/add', 'Páginas', 'a:2:{s:10:"attributes";a:0:{}s:15:"item_attributes";a:3:{s:2:"id";s:0:"";s:5:"class";s:0:"";s:5:"style";s:0:"";}}', 'menu', 0, 0, 1, 0, -49, 4, 1, 1, 9, 932, 944, 0, 0, 0, 0, 0, 0);
INSERT INTO `bu4p_menu_links` (`menu_name`, `plid`, `link_path`, `router_path`, `link_title`, `options`, `module`, `hidden`, `external`, `has_children`, `expanded`, `weight`, `depth`, `customized`, `p1`, `p2`, `p3`, `p4`, `p5`, `p6`, `p7`, `p8`, `p9`, `updated`) VALUES ('management', 933, 'node/add/actividades', 'node/add/actividades', 'Actividades', 'a:2:{s:10:"attributes";a:0:{}s:15:"item_attributes";a:3:{s:2:"id";s:0:"";s:5:"class";s:0:"";s:5:"style";s:0:"";}}', 'menu', 0, 0, 0, 0, 0, 5, 1, 1, 9, 932, 933, 934, 0, 0, 0, 0, 0);
INSERT INTO `bu4p_menu_links` (`menu_name`, `plid`, `link_path`, `router_path`, `link_title`, `options`, `module`, `hidden`, `external`, `has_children`, `expanded`, `weight`, `depth`, `customized`, `p1`, `p2`, `p3`, `p4`, `p5`, `p6`, `p7`, `p8`, `p9`, `updated`) VALUES ('management', 933, 'node/add/bloque-html', 'node/add/bloque-html', 'Bloque HTML', 'a:2:{s:10:"attributes";a:0:{}s:15:"item_attributes";a:3:{s:2:"id";s:0:"";s:5:"class";s:0:"";s:5:"style";s:0:"";}}', 'menu', 0, 0, 0, 0, 0, 5, 1, 1, 9, 932, 933, 1014, 0, 0, 0, 0, 0);
INSERT INTO `bu4p_menu_links` (`menu_name`, `plid`, `link_path`, `router_path`, `link_title`, `options`, `module`, `hidden`, `external`, `has_children`, `expanded`, `weight`, `depth`, `customized`, `p1`, `p2`, `p3`, `p4`, `p5`, `p6`, `p7`, `p8`, `p9`, `updated`) VALUES ('management', 933, 'node/add/bot-n-link', 'node/add/bot-n-link', 'Botón + Link', 'a:2:{s:10:"attributes";a:0:{}s:15:"item_attributes";a:3:{s:2:"id";s:0:"";s:5:"class";s:0:"";s:5:"style";s:0:"";}}', 'menu', 0, 0, 0, 0, 0, 5, 1, 1, 9, 932, 933, 1306, 0, 0, 0, 0, 0);
INSERT INTO `bu4p_menu_links` (`menu_name`, `plid`, `link_path`, `router_path`, `link_title`, `options`, `module`, `hidden`, `external`, `has_children`, `expanded`, `weight`, `depth`, `customized`, `p1`, `p2`, `p3`, `p4`, `p5`, `p6`, `p7`, `p8`, `p9`, `updated`) VALUES ('management', 933, 'node/add/carrousel-', 'node/add/carrousel-', 'Carrusel', 'a:2:{s:10:"attributes";a:0:{}s:15:"item_attributes";a:3:{s:2:"id";s:0:"";s:5:"class";s:0:"";s:5:"style";s:0:"";}}', 'menu', 0, 0, 0, 0, 0, 5, 1, 1, 9, 932, 933, 939, 0, 0, 0, 0, 0);
INSERT INTO `bu4p_menu_links` (`menu_name`, `plid`, `link_path`, `router_path`, `link_title`, `options`, `module`, `hidden`, `external`, `has_children`, `expanded`, `weight`, `depth`, `customized`, `p1`, `p2`, `p3`, `p4`, `p5`, `p6`, `p7`, `p8`, `p9`, `updated`) VALUES ('management', 933, 'node/add/galer-a', 'node/add/galer-a', 'Galería', 'a:2:{s:10:"attributes";a:0:{}s:15:"item_attributes";a:3:{s:2:"id";s:0:"";s:5:"class";s:0:"";s:5:"style";s:0:"";}}', 'menu', 0, 0, 0, 0, 0, 5, 1, 1, 9, 932, 933, 935, 0, 0, 0, 0, 0);
INSERT INTO `bu4p_menu_links` (`menu_name`, `plid`, `link_path`, `router_path`, `link_title`, `options`, `module`, `hidden`, `external`, `has_children`, `expanded`, `weight`, `depth`, `customized`, `p1`, `p2`, `p3`, `p4`, `p5`, `p6`, `p7`, `p8`, `p9`, `updated`) VALUES ('management', 944, 'node/add/galer-a-interior-', 'node/add/galer-a-interior-', 'Galería (Interior)', 'a:2:{s:10:"attributes";a:0:{}s:15:"item_attributes";a:3:{s:2:"id";s:0:"";s:5:"class";s:0:"";s:5:"style";s:0:"";}}', 'menu', 0, 0, 0, 0, -50, 5, 1, 1, 9, 932, 944, 945, 0, 0, 0, 0, 0);
INSERT INTO `bu4p_menu_links` (`menu_name`, `plid`, `link_path`, `router_path`, `link_title`, `options`, `module`, `hidden`, `external`, `has_children`, `expanded`, `weight`, `depth`, `customized`, `p1`, `p2`, `p3`, `p4`, `p5`, `p6`, `p7`, `p8`, `p9`, `updated`) VALUES ('management', 933, 'node/add/imagen', 'node/add/imagen', 'Imagen', 'a:2:{s:10:"attributes";a:0:{}s:15:"item_attributes";a:3:{s:2:"id";s:0:"";s:5:"class";s:0:"";s:5:"style";s:0:"";}}', 'menu', 0, 0, 0, 0, 0, 5, 1, 1, 9, 932, 933, 1015, 0, 0, 0, 0, 0);
INSERT INTO `bu4p_menu_links` (`menu_name`, `plid`, `link_path`, `router_path`, `link_title`, `options`, `module`, `hidden`, `external`, `has_children`, `expanded`, `weight`, `depth`, `customized`, `p1`, `p2`, `p3`, `p4`, `p5`, `p6`, `p7`, `p8`, `p9`, `updated`) VALUES ('management', 933, 'node/add/imagen-con-link', 'node/add/imagen-con-link', 'Imagen con Link', 'a:2:{s:10:"attributes";a:0:{}s:15:"item_attributes";a:3:{s:2:"id";s:0:"";s:5:"class";s:0:"";s:5:"style";s:0:"";}}', 'menu', 0, 0, 0, 0, 0, 5, 1, 1, 9, 932, 933, 936, 0, 0, 0, 0, 0);
INSERT INTO `bu4p_menu_links` (`menu_name`, `plid`, `link_path`, `router_path`, `link_title`, `options`, `module`, `hidden`, `external`, `has_children`, `expanded`, `weight`, `depth`, `customized`, `p1`, `p2`, `p3`, `p4`, `p5`, `p6`, `p7`, `p8`, `p9`, `updated`) VALUES ('management', 933, 'node/add/mapa', 'node/add/mapa', 'Mapa', 'a:2:{s:10:"attributes";a:0:{}s:15:"item_attributes";a:3:{s:2:"id";s:0:"";s:5:"class";s:0:"";s:5:"style";s:0:"";}}', 'menu', 0, 0, 0, 0, 0, 5, 1, 1, 9, 932, 933, 940, 0, 0, 0, 0, 0);
INSERT INTO `bu4p_menu_links` (`menu_name`, `plid`, `link_path`, `router_path`, `link_title`, `options`, `module`, `hidden`, `external`, `has_children`, `expanded`, `weight`, `depth`, `customized`, `p1`, `p2`, `p3`, `p4`, `p5`, `p6`, `p7`, `p8`, `p9`, `updated`) VALUES ('management', 933, 'node/add/menu', 'node/add/menu', 'Menú', 'a:2:{s:10:"attributes";a:0:{}s:15:"item_attributes";a:3:{s:2:"id";s:0:"";s:5:"class";s:0:"";s:5:"style";s:0:"";}}', 'menu', 0, 0, 0, 0, 0, 5, 1, 1, 9, 932, 933, 937, 0, 0, 0, 0, 0);
INSERT INTO `bu4p_menu_links` (`menu_name`, `plid`, `link_path`, `router_path`, `link_title`, `options`, `module`, `hidden`, `external`, `has_children`, `expanded`, `weight`, `depth`, `customized`, `p1`, `p2`, `p3`, `p4`, `p5`, `p6`, `p7`, `p8`, `p9`, `updated`) VALUES ('management', 944, 'node/add/noticias', 'node/add/noticias', 'Noticias', 'a:2:{s:10:"attributes";a:0:{}s:15:"item_attributes";a:3:{s:2:"id";s:0:"";s:5:"class";s:0:"";s:5:"style";s:0:"";}}', 'menu', 0, 0, 0, 0, -49, 5, 1, 1, 9, 932, 944, 946, 0, 0, 0, 0, 0);
INSERT INTO `bu4p_menu_links` (`menu_name`, `plid`, `link_path`, `router_path`, `link_title`, `options`, `module`, `hidden`, `external`, `has_children`, `expanded`, `weight`, `depth`, `customized`, `p1`, `p2`, `p3`, `p4`, `p5`, `p6`, `p7`, `p8`, `p9`, `updated`) VALUES ('management', 944, 'node/add/noticias-buap', 'node/add/noticias-buap', 'Noticias BUAP', 'a:2:{s:10:"attributes";a:0:{}s:15:"item_attributes";a:3:{s:2:"id";s:0:"";s:5:"class";s:0:"";s:5:"style";s:0:"";}}', 'menu', 1, 0, 0, 0, -48, 5, 1, 1, 9, 932, 944, 947, 0, 0, 0, 0, 0);
INSERT INTO `bu4p_menu_links` (`menu_name`, `plid`, `link_path`, `router_path`, `link_title`, `options`, `module`, `hidden`, `external`, `has_children`, `expanded`, `weight`, `depth`, `customized`, `p1`, `p2`, `p3`, `p4`, `p5`, `p6`, `p7`, `p8`, `p9`, `updated`) VALUES ('management', 944, 'node/add/p-gina', 'node/add/p-gina', 'Página', 'a:2:{s:10:"attributes";a:0:{}s:15:"item_attributes";a:3:{s:2:"id";s:0:"";s:5:"class";s:0:"";s:5:"style";s:0:"";}}', 'menu', 0, 0, 0, 0, -45, 5, 1, 1, 9, 932, 944, 950, 0, 0, 0, 0, 0);
INSERT INTO `bu4p_menu_links` (`menu_name`, `plid`, `link_path`, `router_path`, `link_title`, `options`, `module`, `hidden`, `external`, `has_children`, `expanded`, `weight`, `depth`, `customized`, `p1`, `p2`, `p3`, `p4`, `p5`, `p6`, `p7`, `p8`, `p9`, `updated`) VALUES ('management', 944, 'node/add/p-gina-directorio-unidad-acad-mi', 'node/add/p-gina-directorio-unidad-acad-mi', 'Página (Directorio Unidad Académica)', 'a:2:{s:10:"attributes";a:0:{}s:15:"item_attributes";a:3:{s:2:"id";s:0:"";s:5:"class";s:0:"";s:5:"style";s:0:"";}}', 'menu', 0, 0, 0, 0, 0, 5, 1, 1, 9, 932, 944, 1346, 0, 0, 0, 0, 0);
INSERT INTO `bu4p_menu_links` (`menu_name`, `plid`, `link_path`, `router_path`, `link_title`, `options`, `module`, `hidden`, `external`, `has_children`, `expanded`, `weight`, `depth`, `customized`, `p1`, `p2`, `p3`, `p4`, `p5`, `p6`, `p7`, `p8`, `p9`, `updated`) VALUES ('management', 944, 'node/add/p-gina-iframe-', 'node/add/p-gina-iframe-', 'Página (iframe)', 'a:2:{s:10:"attributes";a:0:{}s:15:"item_attributes";a:3:{s:2:"id";s:0:"";s:5:"class";s:0:"";s:5:"style";s:0:"";}}', 'menu', 0, 0, 0, 0, -46, 5, 1, 1, 9, 932, 944, 949, 0, 0, 0, 0, 0);
INSERT INTO `bu4p_menu_links` (`menu_name`, `plid`, `link_path`, `router_path`, `link_title`, `options`, `module`, `hidden`, `external`, `has_children`, `expanded`, `weight`, `depth`, `customized`, `p1`, `p2`, `p3`, `p4`, `p5`, `p6`, `p7`, `p8`, `p9`, `updated`) VALUES ('management', 944, 'node/add/p-gina-lista-de-contenido-', 'node/add/p-gina-lista-de-contenido-', 'Página (Lista de Contenido)', 'a:2:{s:10:"attributes";a:0:{}s:15:"item_attributes";a:3:{s:2:"id";s:0:"";s:5:"class";s:0:"";s:5:"style";s:0:"";}}', 'menu', 0, 0, 0, 0, 0, 5, 1, 1, 9, 932, 944, 1023, 0, 0, 0, 0, 0);
INSERT INTO `bu4p_menu_links` (`menu_name`, `plid`, `link_path`, `router_path`, `link_title`, `options`, `module`, `hidden`, `external`, `has_children`, `expanded`, `weight`, `depth`, `customized`, `p1`, `p2`, `p3`, `p4`, `p5`, `p6`, `p7`, `p8`, `p9`, `updated`) VALUES ('management', 944, 'node/add/p-gina-mapa', 'node/add/p-gina-mapa', 'Página (Mapa)', 'a:2:{s:10:"attributes";a:0:{}s:15:"item_attributes";a:3:{s:2:"id";s:0:"";s:5:"class";s:0:"";s:5:"style";s:0:"";}}', 'menu', 1, 0, 0, 0, -44, 5, 1, 1, 9, 932, 944, 996, 0, 0, 0, 0, 0);
INSERT INTO `bu4p_menu_links` (`menu_name`, `plid`, `link_path`, `router_path`, `link_title`, `options`, `module`, `hidden`, `external`, `has_children`, `expanded`, `weight`, `depth`, `customized`, `p1`, `p2`, `p3`, `p4`, `p5`, `p6`, `p7`, `p8`, `p9`, `updated`) VALUES ('management', 944, 'node/add/p-gina-menu-', 'node/add/p-gina-menu-', 'Página (Menú)', 'a:2:{s:10:"attributes";a:0:{}s:15:"item_attributes";a:3:{s:2:"id";s:0:"";s:5:"class";s:0:"";s:5:"style";s:0:"";}}', 'menu', 0, 0, 0, 0, 0, 5, 1, 1, 9, 932, 944, 1338, 0, 0, 0, 0, 0);
INSERT INTO `bu4p_menu_links` (`menu_name`, `plid`, `link_path`, `router_path`, `link_title`, `options`, `module`, `hidden`, `external`, `has_children`, `expanded`, `weight`, `depth`, `customized`, `p1`, `p2`, `p3`, `p4`, `p5`, `p6`, `p7`, `p8`, `p9`, `updated`) VALUES ('management', 944, 'node/add/p-gina-pila-', 'node/add/p-gina-pila-', 'Página (Pila)', 'a:2:{s:10:"attributes";a:0:{}s:15:"item_attributes";a:3:{s:2:"id";s:0:"";s:5:"class";s:0:"";s:5:"style";s:0:"";}}', 'menu', 0, 0, 0, 0, 0, 5, 1, 1, 9, 932, 944, 1323, 0, 0, 0, 0, 0);
INSERT INTO `bu4p_menu_links` (`menu_name`, `plid`, `link_path`, `router_path`, `link_title`, `options`, `module`, `hidden`, `external`, `has_children`, `expanded`, `weight`, `depth`, `customized`, `p1`, `p2`, `p3`, `p4`, `p5`, `p6`, `p7`, `p8`, `p9`, `updated`) VALUES ('management', 944, 'node/add/p-gina-redirect-', 'node/add/p-gina-redirect-', 'Página (Redirect)', 'a:2:{s:10:"attributes";a:0:{}s:15:"item_attributes";a:3:{s:2:"id";s:0:"";s:5:"class";s:0:"";s:5:"style";s:0:"";}}', 'menu', 0, 0, 0, 0, 0, 5, 1, 1, 9, 932, 944, 1319, 0, 0, 0, 0, 0);
INSERT INTO `bu4p_menu_links` (`menu_name`, `plid`, `link_path`, `router_path`, `link_title`, `options`, `module`, `hidden`, `external`, `has_children`, `expanded`, `weight`, `depth`, `customized`, `p1`, `p2`, `p3`, `p4`, `p5`, `p6`, `p7`, `p8`, `p9`, `updated`) VALUES ('management', 944, 'node/add/p-gina-tabs-', 'node/add/p-gina-tabs-', 'Página (Tabs)', 'a:2:{s:10:"attributes";a:0:{}s:15:"item_attributes";a:3:{s:2:"id";s:0:"";s:5:"class";s:0:"";s:5:"style";s:0:"";}}', 'menu', 0, 0, 0, 0, 0, 5, 1, 1, 9, 932, 944, 1317, 0, 0, 0, 0, 0);
INSERT INTO `bu4p_menu_links` (`menu_name`, `plid`, `link_path`, `router_path`, `link_title`, `options`, `module`, `hidden`, `external`, `has_children`, `expanded`, `weight`, `depth`, `customized`, `p1`, `p2`, `p3`, `p4`, `p5`, `p6`, `p7`, `p8`, `p9`, `updated`) VALUES ('management', 944, 'node/add/pdf-incrustado-', 'node/add/pdf-incrustado-', 'PDF (incrustado)', 'a:2:{s:10:"attributes";a:0:{}s:15:"item_attributes";a:3:{s:2:"id";s:0:"";s:5:"class";s:0:"";s:5:"style";s:0:"";}}', 'menu', 0, 0, 0, 0, -47, 5, 1, 1, 9, 932, 944, 948, 0, 0, 0, 0, 0);
INSERT INTO `bu4p_menu_links` (`menu_name`, `plid`, `link_path`, `router_path`, `link_title`, `options`, `module`, `hidden`, `external`, `has_children`, `expanded`, `weight`, `depth`, `customized`, `p1`, `p2`, `p3`, `p4`, `p5`, `p6`, `p7`, `p8`, `p9`, `updated`) VALUES ('management', 933, 'node/add/recursos-din-micos', 'node/add/recursos-din-micos', 'Recursos Dinámicos', 'a:2:{s:10:"attributes";a:0:{}s:15:"item_attributes";a:3:{s:2:"id";s:0:"";s:5:"class";s:0:"";s:5:"style";s:0:"";}}', 'menu', 0, 0, 0, 0, 0, 5, 1, 1, 9, 932, 933, 941, 0, 0, 0, 0, 0);
INSERT INTO `bu4p_menu_links` (`menu_name`, `plid`, `link_path`, `router_path`, `link_title`, `options`, `module`, `hidden`, `external`, `has_children`, `expanded`, `weight`, `depth`, `customized`, `p1`, `p2`, `p3`, `p4`, `p5`, `p6`, `p7`, `p8`, `p9`, `updated`) VALUES ('management', 933, 'node/add/slider-principal', 'node/add/slider-principal', 'Slider Principal', 'a:2:{s:10:"attributes";a:0:{}s:15:"item_attributes";a:3:{s:2:"id";s:0:"";s:5:"class";s:0:"";s:5:"style";s:0:"";}}', 'menu', 1, 0, 0, 0, 0, 5, 1, 1, 9, 932, 933, 938, 0, 0, 0, 0, 0);
INSERT INTO `bu4p_menu_links` (`menu_name`, `plid`, `link_path`, `router_path`, `link_title`, `options`, `module`, `hidden`, `external`, `has_children`, `expanded`, `weight`, `depth`, `customized`, `p1`, `p2`, `p3`, `p4`, `p5`, `p6`, `p7`, `p8`, `p9`, `updated`) VALUES ('management', 933, 'node/add/texto-html-link', 'node/add/texto-html-link', 'Texto HTML + link', 'a:2:{s:10:"attributes";a:0:{}s:15:"item_attributes";a:3:{s:2:"id";s:0:"";s:5:"class";s:0:"";s:5:"style";s:0:"";}}', 'menu', 0, 0, 0, 0, 0, 5, 1, 1, 9, 932, 933, 942, 0, 0, 0, 0, 0);
INSERT INTO `bu4p_menu_links` (`menu_name`, `plid`, `link_path`, `router_path`, `link_title`, `options`, `module`, `hidden`, `external`, `has_children`, `expanded`, `weight`, `depth`, `customized`, `p1`, `p2`, `p3`, `p4`, `p5`, `p6`, `p7`, `p8`, `p9`, `updated`) VALUES ('management', 933, 'node/add/video-youtube', 'node/add/video-youtube', 'Video YouTube', 'a:2:{s:10:"attributes";a:0:{}s:15:"item_attributes";a:3:{s:2:"id";s:0:"";s:5:"class";s:0:"";s:5:"style";s:0:"";}}', 'menu', 0, 0, 0, 0, 0, 5, 1, 1, 9, 932, 933, 943, 0, 0, 0, 0, 0);
INSERT INTO `bu4p_menu_links` (`menu_name`, `plid`, `link_path`, `router_path`, `link_title`, `options`, `module`, `hidden`, `external`, `has_children`, `expanded`, `weight`, `depth`, `customized`, `p1`, `p2`, `p3`, `p4`, `p5`, `p6`, `p7`, `p8`, `p9`, `updated`) VALUES ('management', 932, 'node/add/webform', 'node/add/webform', 'WebForm', 'a:2:{s:10:"attributes";a:0:{}s:15:"item_attributes";a:3:{s:2:"id";s:0:"";s:5:"class";s:0:"";s:5:"style";s:0:"";}}', 'menu', 0, 0, 0, 0, -47, 4, 1, 1, 9, 932, 953, 0, 0, 0, 0, 0, 0);
